name,model_base_name,eval_kind,en-de_seg_KendallWithTiesOpt,en-de_sys_pce,en-es_seg_KendallWithTiesOpt,en-es_sys_pce,ja-zh_seg_KendallWithTiesOpt,ja-zh_sys_pce,avg_seg_KendallWithTiesOpt,avg_sys_pce
Rexhaif/Qwen3-4B-MT-Eval#high@[gemba-da-like],Rexhaif/Qwen3-4B-MT-Eval#high,gemba-da-like,0.4583,0.7468,0.6802,0.6867,0.5107,0.8618,0.5497,0.7651
Rexhaif/Qwen3-4B-MT-Eval#high@[gemba-esa],Rexhaif/Qwen3-4B-MT-Eval#high,gemba-esa,0.4292,0.6603,0.6802,0.5878,0.4352,0.8379,0.5149,0.6954
Rexhaif/Qwen3-4B-MT-Eval#high@[mt-ranking],Rexhaif/Qwen3-4B-MT-Eval#high,mt-ranking,0.4292,0.3423,0.6802,0.5641,0.4352,0.5304,0.5149,0.4789
Rexhaif/Qwen3-4B-MT-Eval#medium@[gemba-da-like],Rexhaif/Qwen3-4B-MT-Eval#medium,gemba-da-like,0.4543,0.7321,0.6810,0.7153,0.5094,0.8782,0.5482,0.7752
Rexhaif/Qwen3-4B-MT-Eval#medium@[gemba-esa],Rexhaif/Qwen3-4B-MT-Eval#medium,gemba-esa,0.4292,0.7230,0.6802,0.7588,0.4352,0.8399,0.5149,0.7739
Rexhaif/Qwen3-4B-MT-Eval#medium@[mt-ranking],Rexhaif/Qwen3-4B-MT-Eval#medium,mt-ranking,0.4292,0.4169,0.6802,0.4902,0.4352,0.4273,0.5149,0.4448
Rexhaif/Qwen3-4B-MT-Eval#unbounded@[gemba-da-like],Rexhaif/Qwen3-4B-MT-Eval#unbounded,gemba-da-like,0.4632,0.7714,0.6807,0.7305,0.5133,0.8833,0.5524,0.7951
Rexhaif/Qwen3-4B-MT-Eval#unbounded@[gemba-esa],Rexhaif/Qwen3-4B-MT-Eval#unbounded,gemba-esa,,,0.6802,0.6404,0.4352,0.8235,0.5577,0.7319
Rexhaif/Qwen3-4B-MT-Eval#unbounded@[mt-ranking],Rexhaif/Qwen3-4B-MT-Eval#unbounded,mt-ranking,0.4292,0.5966,0.6802,0.3088,0.4352,0.5673,0.5149,0.4909
Rexhaif/qwen3-4b-eval#disabled@[gemba-da-like],Rexhaif/qwen3-4b-eval#disabled,gemba-da-like,0.4363,0.6868,0.6802,0.6036,0.4525,0.8833,0.5230,0.7246
Rexhaif/qwen3-4b-eval#disabled@[gemba-esa],Rexhaif/qwen3-4b-eval#disabled,gemba-esa,0.4292,0.6315,0.6802,0.6808,0.4352,0.7013,0.5149,0.6712
Rexhaif/qwen3-4b-eval#disabled@[mt-ranking],Rexhaif/qwen3-4b-eval#disabled,mt-ranking,0.4292,0.4264,0.6802,0.5437,0.4352,0.2824,0.5149,0.4175
Rexhaif/qwen3-4b-eval#unbounded@[gemba-da-like],Rexhaif/qwen3-4b-eval#unbounded,gemba-da-like,0.4297,0.7652,0.6802,0.6308,0.4766,0.8373,0.5288,0.7444
Rexhaif/qwen3-4b-eval#unbounded@[gemba-esa],Rexhaif/qwen3-4b-eval#unbounded,gemba-esa,0.4292,0.7755,0.6802,0.6352,0.4402,0.7907,0.5165,0.7338
Rexhaif/qwen3-4b-eval#unbounded@[mt-ranking],Rexhaif/qwen3-4b-eval#unbounded,mt-ranking,0.4292,0.4075,0.6802,0.5557,0.4352,0.5158,0.5149,0.4930
